καλά;gut;Adjektiv;Lehrbuch 1
το μήνυμα;die Botschaft;Nomen;Lehrbuch 1
το κινητό;das Handy;Nomen;Lehrbuch 1
το καφέ;das Café;Nomen;Lehrbuch 1
το τάβλι;das Backgammon;Nomen;Lehrbuch 1
το κέντρο;das Stadtzentrum;Nomen;Lehrbuch 1
το παντελόνι;die Hose;Nomen;Lehrbuch 1
το σπίτι;das Haus, die Wohnung;Nomen;Lehrbuch 1
η μπάλα;der (Fuss-)Ball;Nomen;Lehrbuch 1
το βιβλίο;das Buch;Nomen;Lehrbuch 1
τα λεπτά;die Minuten;Nomen;Lehrbuch 1
το παιδί;das Kind;Nomen;Lehrbuch 1
ο καφές;der Kaffee;Nomen;Lehrbuch 1
ο φοιτητής | η φοιτήτρια;der Student;Nomen;Lehrbuch 1
η Γερμανία;Deutschland;Orte & Sprachen;Lehrbuch 1
τα ελληνικά;Griechisch;Orte & Sprachen;Lehrbuch 1
τα γερμανικά;Deutsch;Orte & Sprachen;Lehrbuch 1
τα αρχαια ελληνικά;Altgriechisch;Orte & Sprachen;Lehrbuch 1
τα νέα ελληνικά;Neugriechisch;Orte & Sprachen;Lehrbuch 1
η Θεσσαλονίκη;Thessaloniki;Orte & Sprachen;Lehrbuch 1
και;und, auch;Partikel;Lehrbuch 1
όμως, αλλά;aber (2 W);Partikel;Lehrbuch 1
ακόμη | ακόμα;noch;Partikel;Lehrbuch 1
δε;nicht, kein;Partikel;Lehrbuch 1
τίποτα & τίποτε;nichts;Partikel;Lehrbuch 1
άλλο;mehr;Partikel;Lehrbuch 1
όχι;nein;Partikel;Lehrbuch 1
ευχαριστώ;danke;Partikel;Lehrbuch 1
ναι;ja;Partikel;Lehrbuch 1
μόνο;nur;Partikel;Lehrbuch 1
λίγο;ein wenig;Partikel;Lehrbuch 1
τώρα;jetzt;Partikel;Lehrbuch 1
βέβαια;natürlich, freilich;Partikel;Lehrbuch 1
λοιπόν;also;Partikel;Lehrbuch 1
με;mit;Partikel;Lehrbuch 1
εδώ;hier;Partikel;Lehrbuch 1
σε;in;Partikel;Lehrbuch 1
από;von, aus;Partikel;Lehrbuch 1
εμείς;wir;Pronomen;Lehrbuch 1
εσείς;ihr;Pronomen;Lehrbuch 1
αυτοί;sie (m);Pronomen;Lehrbuch 1
αυτές;sie (pl, f);Pronomen;Lehrbuch 1
αυτά;sie (n);Pronomen;Lehrbuch 1
εγώ;ich;Pronomen;Lehrbuch 1
εσύ;du;Pronomen;Lehrbuch 1
τι;was;Pronomen;Lehrbuch 1
πώς;wie;Pronomen;Lehrbuch 1
αυτή;sie;Pronomen;Lehrbuch 1
αυτό;es;Pronomen;Lehrbuch 1
αυτός;er;Pronomen;Lehrbuch 1
ο;der (sg);Pronomen;Lehrbuch 1
η;die (sg);Pronomen;Lehrbuch 1
το;das (sg);Pronomen;Lehrbuch 1
οι;der, die (pl);Pronomen;Lehrbuch 1
τα;das (pl);Pronomen;Lehrbuch 1
Καλημέρα;guten Morgen | Tag;Spruch;Lehrbuch 1
καλησπέρα;guten Tag | Abend;Spruch;Lehrbuch 1
γεια σου | σας;Hallo;Spruch;Lehrbuch 1
Χαίρετε;Guten Tag (formell);Spruch;Lehrbuch 1
πώς πάει;wie läuft's?;Spruch;Lehrbuch 1
τι κάνεις;wie geht es dir?;Spruch;Lehrbuch 1
τι κάνετε;wie geht es euch?;Spruch;Lehrbuch 1
"πολύ καλά. Εσύ;";Sehr gut. Und dir?;Spruch;Lehrbuch 1
μια χαρά;blendend, sehr gut;Spruch;Lehrbuch 1
Είμαι | Είμαστε καλά;Mir | uns geht es gut;Spruch;Lehrbuch 1
Έτσι κι έτσι;Es geht;Spruch;Lehrbuch 1
Χάλια;Sehr schlecht;Spruch;Lehrbuch 1
τι ωραία;wie schön;Spruch;Lehrbuch 1
τι κρίμα;wie schade;Spruch;Lehrbuch 1
δεν είμαι καλά;es geht mir nicht gut;Spruch;Lehrbuch 1
Πώς σε?;wie heisst du?;Spruch;Lehrbuch 1
Χαίρω πολύ;freut mich (dich kennenzulernen);Spruch;Lehrbuch 1
με λένε;ich heisse;Spruch;Lehrbuch 1
γεια σου | σας, Αντίο;Tschüss | Auf Wiedersehen;Spruch;Lehrbuch 1
Καλό μεσημέρι;Schönen Mittag;Spruch;Lehrbuch 1
Καλό απόγευμα;Schönen Nachmittag;Spruch;Lehrbuch 1
Καλό βράδυ;Schönen Abend;Spruch;Lehrbuch 1
στέλνω;schicken, senden;Verb;Lehrbuch 1
είμαι;sein;Verb;Lehrbuch 1
παίζω;spielen;Verb;Lehrbuch 1
ψάχνω;suchen;Verb;Lehrbuch 1
βρίσκω;finden;Verb;Lehrbuch 1
κάνω;tun, machen;Verb;Lehrbuch 1
μαγειρεύω;kochen;Verb;Lehrbuch 1
βλέπω;sehen, gucken;Verb;Lehrbuch 1
κερδίζω;gewinnen;Verb;Lehrbuch 1
διαβάζω;lesen;Verb;Lehrbuch 1
μπορώ;können;Verb;Lehrbuch 1
φτάνω;ankommen;Verb;Lehrbuch 1
χάνω;verlieren;Verb;Lehrbuch 1
πινω;trinken;Verb;Lehrbuch 1
ξέρω;wissen, kennen;Verb;Lehrbuch 1
καταλαβαίνω;verstehen;Verb;Lehrbuch 1
σπουδάζω;studieren;Verb;Lehrbuch 1
μαθαίνω;lernen;Verb;Lehrbuch 1
ελπίζω;hoffen;Verb;Lehrbuch 1
μηδέν;0;Zahlen;Lehrbuch 1
ένα;1;Zahlen;Lehrbuch 1
δύο;2;Zahlen;Lehrbuch 1
τρία;3;Zahlen;Lehrbuch 1
τέσσερα;4;Zahlen;Lehrbuch 1
πέντε;5;Zahlen;Lehrbuch 1
έξι;6;Zahlen;Lehrbuch 1
εφτά | επτά;7;Zahlen;Lehrbuch 1
οκτώ οχτώ;8;Zahlen;Lehrbuch 1
εννιά εννέα;9;Zahlen;Lehrbuch 1
δέκα;10;Zahlen;Lehrbuch 1
έντεκα | ένδεκα;11;Zahlen;Lehrbuch 1
δώδεκα;12;Zahlen;Lehrbuch 1
δεκατρία;13;Zahlen;Lehrbuch 1
δεκατέσσερα;14;Zahlen;Lehrbuch 1
δεκαπέντε;15;Zahlen;Lehrbuch 1
δεκαέξι | δεκάξι;16;Zahlen;Lehrbuch 1
δεκαεφτά | δεκαεπτά;17;Zahlen;Lehrbuch 1
δεκαοκτώ | δεκαοχτώ;18;Zahlen;Lehrbuch 1
δεκαεννιά | δεκαεννέα;19;Zahlen;Lehrbuch 1
είκοσι;20;Zahlen;Lehrbuch 1
φυσικά;natürlich;Adjektiv;Lehrbuch 2
μάλιστα;richtig, jawohl;Adjektiv;Lehrbuch 2
ο μαθητής η μαθήτρια;der Schüler;Nomen;Lehrbuch 2
ο πινακας ανακοινώσεων;das schwarze Brett;Nomen;Lehrbuch 2
η κοπέλα;die junge Frau;Nomen;Lehrbuch 2
η ιατρική;die Medizin;Nomen;Lehrbuch 2
το διαμέρισμα;das Appartement;Nomen;Lehrbuch 2
τηλ.;Tel.;Nomen;Lehrbuch 2
το τηλέφωνο;das Telefon;Nomen;Lehrbuch 2
τα έπιπλα;das Möbel;Nomen;Lehrbuch 2
η καρέκλα;der Stuhl;Nomen;Lehrbuch 2
το τραπέζι;der Tisch;Nomen;Lehrbuch 2
το κρεβάτι;das Bett;Nomen;Lehrbuch 2
το κινητό;die Handynummer;Nomen;Lehrbuch 2
ο δισκος;die Schallplatte;Nomen;Lehrbuch 2
το σιντί;die CD;Nomen;Lehrbuch 2
το πράγμα;die Sache, das Ding;Nomen;Lehrbuch 2
ο | η δικηγόρος;der Rechtsanwalt;Nomen;Lehrbuch 2
ο | η δημοσιογράφος;der Journalist;Nomen;Lehrbuch 2
ο | η συγκάτοικος;der Mitbewohner;Nomen;Lehrbuch 2
ο | η υπάλληλος;der Angestellte;Nomen;Lehrbuch 2
η τράπεζα;die Bank;Nomen;Lehrbuch 2
η γυναίκα;die Frau, Ehefrau;Nomen;Lehrbuch 2
ο | η γραμματέας;der Sekretär;Nomen;Lehrbuch 2
o | η γιατρός;der Arzt;Nomen;Lehrbuch 2
ο | η μπέιμπι σίτερ;der Babysitter;Nomen;Lehrbuch 2
η κόρη;die Tochter;Nomen;Lehrbuch 2
η βοήθεια;die Hilfe;Nomen;Lehrbuch 2
τα λεφτά;das Geld;Nomen;Lehrbuch 2
η δουλειά;die Arbeit;Nomen;Lehrbuch 2
η γλώσσα;die Sprache;Nomen;Lehrbuch 2
οι ξένες γλώσσες;die Fremdsprache;Nomen;Lehrbuch 2
ο νοσοκόμος η νοσοκόμα;der Krankenpfleger;Nomen;Lehrbuch 2
ο δάσκαλος | η δασκάλα;der Lehrer;Nomen;Lehrbuch 2
η αγγελία;die Anzeige;Nomen;Lehrbuch 2
ο κύριος;Herr;Nomen;Lehrbuch 2
ο ξένος;der Ausländer;Nomen;Lehrbuch 2
το πάτωμα;der Fussboden;Nomen;Lehrbuch 2
η φίλη;die Freundin;Nomen;Lehrbuch 2
η Ελληνίδα;die Griechin;Nomen;Lehrbuch 2
ο Έλληνας;der Grieche;Nomen;Lehrbuch 2
η Γερμανίδα;die Deutsche;Nomen;Lehrbuch 2
ο Γερμανός;der Deutsche;Nomen;Lehrbuch 2
η Ισπανίδα;die Spanierin;Nomen;Lehrbuch 2
ο Ισπανός;der Spanier;Nomen;Lehrbuch 2
η Ελβετίδα;die Schweizerin;Nomen;Lehrbuch 2
ο Ελβετός;der Schweizer;Nomen;Lehrbuch 2
η Αυστριακή;die Österreicherin;Nomen;Lehrbuch 2
ο Αυστριακός;der Österreicher;Nomen;Lehrbuch 2
η Αγγλίδα;die Engländerin;Nomen;Lehrbuch 2
ο Άγγλος;der Engländer;Nomen;Lehrbuch 2
η Γαλλίδα;die Französin;Nomen;Lehrbuch 2
ο Γάλλος;der Franzose;Nomen;Lehrbuch 2
η Ιταλίδα;die Italienerin;Nomen;Lehrbuch 2
ο Ιταλός;der Italiener;Nomen;Lehrbuch 2
η Τουρκάλα;die Türkin;Nomen;Lehrbuch 2
ο Τούρκος;der Türke;Nomen;Lehrbuch 2
η Κινέζα;die Chinesin;Nomen;Lehrbuch 2
ο Κινέζος;der Chinese;Nomen;Lehrbuch 2
ο καθηγητής | η καθηγήτρια;der Gymnasiallehrer;Nomen;Lehrbuch 2
η λάμπα;die Lampe;Nomen;Lehrbuch 2
η κατσαρόλα;der Kochtopf;Nomen;Lehrbuch 2
η σκούπα;der Besen | der Staubsauger;Nomen;Lehrbuch 2
η Δευτέρα;Montag;Nomen;Lehrbuch 2
το πιάτο;der Teller;Nomen;Lehrbuch 2
το κουτάλι;der Löffel;Nomen;Lehrbuch 2
το πιρούνι;die Gabel;Nomen;Lehrbuch 2
το μαχαίρι;das Messer;Nomen;Lehrbuch 2
ο φούρνος;der Backofen;Nomen;Lehrbuch 2
το ευρώ;der Euro;Nomen;Lehrbuch 2
το νοικοκυριό;der Haushalt;Nomen;Lehrbuch 2
η πόρτα;die Tür;Nomen;Lehrbuch 2
το παράθυρο;das Fenster;Nomen;Lehrbuch 2
ο ανεμιστήρας;der Ventilator;Nomen;Lehrbuch 2
το απόγευμα;am Nachmittag;Nomen;Lehrbuch 2
η Μαδρίτη;Madrid;Orte & Sprachen;Lehrbuch 2
τα αγγλικά;Englisch;Orte & Sprachen;Lehrbuch 2
τα Ισπανικά;Spanisch;Orte & Sprachen;Lehrbuch 2
η Ελβετία;die Schweiz;Orte & Sprachen;Lehrbuch 2
η Αυστρία;Österreich;Orte & Sprachen;Lehrbuch 2
η Αγγλία;England;Orte & Sprachen;Lehrbuch 2
η Γαλλία;Frankreich;Orte & Sprachen;Lehrbuch 2
η Ιταλία;Italien;Orte & Sprachen;Lehrbuch 2
η Ισπανία;Spanien;Orte & Sprachen;Lehrbuch 2
η Τουρκία;Türkei;Orte & Sprachen;Lehrbuch 2
η Κίνα;China;Orte & Sprachen;Lehrbuch 2
τα τουρκικά;Türkisch;Orte & Sprachen;Lehrbuch 2
τα κινέζικα;Chinesisch;Orte & Sprachen;Lehrbuch 2
τα γαλλικά;Französisch;Orte & Sprachen;Lehrbuch 2
τα ιταλικά;Italienisch;Orte & Sprachen;Lehrbuch 2
η κατερίνη;Katerini (Stadt);Orte & Sprachen;Lehrbuch 2
η Ελλάδα;Griechenland;Orte & Sprachen;Lehrbuch 2
στον | στη;in, auf, an, bei, nach, zu;Partikel;Lehrbuch 2
ή;oder;Partikel;Lehrbuch 2
άλλα;andere;Partikel;Lehrbuch 2
για;für;Partikel;Lehrbuch 2
αν;wenn, falls, ob;Partikel;Lehrbuch 2
παρακαλώ;bitte;Partikel;Lehrbuch 2
επειδή;weil, da;Partikel;Lehrbuch 2
μπράβο;bravo;Partikel;Lehrbuch 2
χωρίς;ohne;Partikel;Lehrbuch 2
πού;wo;Partikel;Lehrbuch 2
αύριο;morgen;Partikel;Lehrbuch 2
από αύριο;ab morgen;Partikel;Lehrbuch 2
πολύ;sehr;Partikel;Lehrbuch 2
ποιος;wer;Pronomen;Lehrbuch 2
μου;mein;Pronomen;Lehrbuch 2
γιατί;warum, weil;Pronomen;Lehrbuch 2
μας;unser;Pronomen;Lehrbuch 2
...χρονών;… Jahre alt;Spruch;Lehrbuch 2
συγνώμη;Verzeihung;Spruch;Lehrbuch 2
τη λένε;sie heisst;Spruch;Lehrbuch 2
εντάξει;in Ordnung;Spruch;Lehrbuch 2
τι να κάνω;was soll ich machen;Spruch;Lehrbuch 2
ούτε ... oύτε;weder … noch;Spruch;Lehrbuch 2
"Τι δουλειά κάνετε;";Was machen Sie beruflich?;Spruch;Lehrbuch 2
"Τι δουλειά κάνεις;";Was machst du beruflich?;Spruch;Lehrbuch 2
έχω;haben;Verb;Lehrbuch 2
πουλάω;verkaufen;Verb;Lehrbuch 2
χαρίζω;(ver)schenken;Verb;Lehrbuch 2
μετακομίζω;umziehen;Verb;Lehrbuch 2
 προτιμάω;bevorzugen;Verb;Lehrbuch 2
γελάω;lachen;Verb;Lehrbuch 2
κάνω πλάκα;Spass machen;Verb;Lehrbuch 2
ζητάω;suchen nach, verlangen;Verb;Lehrbuch 2
μιλάω;sprechen, reden;Verb;Lehrbuch 2
αγαπάω;lieben, mögen;Verb;Lehrbuch 2
κάνω παζάρια;feilschen, handeln;Verb;Lehrbuch 2
παίρνω τηλέφωνο;anrufen;Verb;Lehrbuch 2
τηλεφωνώ;telefonieren;Verb;Lehrbuch 2
δουλεύω;arbeiten;Verb;Lehrbuch 2
ζω;leben;Verb;Lehrbuch 2
τρώω;essen;Verb;Lehrbuch 2
μένω;wohnen;Verb;Lehrbuch 2
θέλω;wollen, mögen;Verb;Lehrbuch 2
φεύγω;verlassen, weggehen;Verb;Lehrbuch 2
αγοράζω;kaufen;Verb;Lehrbuch 2
παίρνω;nehmen;Verb;Lehrbuch 2
πενήντα;fünfzig;Zahlen;Lehrbuch 2
το πρόγραμμα;das Programm;Nomen;Lehrbuch 3
το καρνιβάλι;der Karneval;Nomen;Lehrbuch 3
η Πέμπτη;Donnerstag;Nomen;Lehrbuch 3
η πλατεία;der Platz;Nomen;Lehrbuch 3
η ελευθερία;die Freiheit;Nomen;Lehrbuch 3
πλούσιος, -α, -ο;reich, reichhaltig;Adjektiv;Lehrbuch 3
μουσικός, -ή, -ό;Musik-;Adjektiv;Lehrbuch 3
παραδοσιακός -ή, -ό;traditionell;Adjektiv;Lehrbuch 3
ο χορός;der Tanz, Ball;Nomen;Lehrbuch 3
όλος, -η -ο;ganz, alle;Partikel;Lehrbuch 3
η Παρασκευή;Freitag;Nomen;Lehrbuch 3
η αιθουσα;der Saal;Nomen;Lehrbuch 3
το κέφι;die gute Laune;Nomen;Lehrbuch 3
μέχρι;bis;Partikel;Lehrbuch 3
το πρωί;der Morgen;Nomen;Lehrbuch 3
μεγάλος, -η, -ο;gross;Adjektiv;Lehrbuch 3
αποκριάτικος, -η, -ο;Karnevals-;Adjektiv;Lehrbuch 3
το Σάββατο;Samstag;Nomen;Lehrbuch 3
κεντρικός, -ή, -ό;zentral;Adjektiv;Lehrbuch 3
η γιορτή;das Fest;Nomen;Lehrbuch 3
η διασκέδαση;das Vergnügen;Nomen;Lehrbuch 3
εθνικός, -ή, -ό;national;Adjektiv;Lehrbuch 3
το γήπεδο;das Stadion;Nomen;Lehrbuch 3
λαϊκός, -ή, -ό;Volks-;Adjektiv;Lehrbuch 3
το γλέντι;das Feiern;Nomen;Lehrbuch 3
ελληνικός, -ή, -ό;griechisch;Nomen;Lehrbuch 3
η μουσική;die Musik;Nomen;Lehrbuch 3
πολυς, πολλή, πολύ;viel;Adjektiv;Lehrbuch 3
γνωστός, -ή, -ό;bekannt;Adjektiv;Lehrbuch 3
ο καλλιτέχνης;der Künstler;Nomen;Lehrbuch 3
η Κυριακή;der Sonntag;Nomen;Lehrbuch 3
ο δρόμος;die Strasse;Nomen;Lehrbuch 3
η πόλη;die Stadt;Nomen;Lehrbuch 3
η παρέλαση;der Umzug;Nomen;Lehrbuch 3
καθαρός, -ή, -ό;rein, sauber;Adjektiv;Lehrbuch 3
τοπικός, -ή, -ό;lokal, örtlich;Adjektiv;Lehrbuch 3
το έθιμο;der Brauch;Nomen;Lehrbuch 3
ωραίος, -α, -ο;hübsch, schön;Adjektiv;Lehrbuch 3
το ίντερνετ;das Internet;Nomen;Lehrbuch 3
ο, η συνοδός;der Begleiter;Nomen;Lehrbuch 3
το μεσημέρι;der Mittag;Nomen;Lehrbuch 3
το ραντεβού;die Verabredung;Nomen;Lehrbuch 3
μετά (από);nach, danach;Partikel;Lehrbuch 3
μεριμένω;warten;Verb;Lehrbuch 3
η ώρα;die Zeit, die Stunde;Nomen;Lehrbuch 3
το γκαρσόν(ι);der Kellner;Nomen;Lehrbuch 3
κάτι;etwas;Partikel;Lehrbuch 3
η πορτοκαλάδα;die Limonade;Nomen;Lehrbuch 3
κρύος,-α, -ο;kalt;Adjektiv;Lehrbuch 3
γαλλικός, -ή, -ό;französisch;Orte & Sprachen;Lehrbuch 3
ο γαλλικός καφές;der Filterkaffee;Nomen;Lehrbuch 3
η ζάχαρη;der Zucker;Nomen;Lehrbuch 3
το γάλα;die Milch;Nomen;Lehrbuch 3
ελεύθερος, -η, -ο;frei, ledig;Adjektiv;Lehrbuch 3
γοητευτικός, -ή, -ό;charmant;Adjektiv;Lehrbuch 3
η γνωριμία;die Bekanntschaft;Nomen;Lehrbuch 3
η δεσποινιδα;das Fräulein;Nomen;Lehrbuch 3
έως;bis;Partikel;Lehrbuch 3
τον λένε;er heisst;Spruch;Lehrbuch 3
να;da, schau;Partikel;Lehrbuch 3
η φωτογραφία;das Foto;Nomen;Lehrbuch 3
καλός, -ή, -ό;gut, nett;Adjektiv;Lehrbuch 3
η μύτη;die Nase;Nomen;Lehrbuch 3
του;seine;Pronomen;Lehrbuch 3
χοντρός;dick;Adjektiv;Lehrbuch 3
καθόλου;überhaupt nicht;Spruch;Lehrbuch 3
γαλανός, -ή, -ό;hellblau;Adjektiv;Lehrbuch 3
το μάτι;das Auge;Nomen;Lehrbuch 3
μαύρος, -η, -ο;schwarz;Adjektiv;Lehrbuch 3
σγουρός, -ή, -ό;lockig;Adjektiv;Lehrbuch 3
τα μαλλιά;die Haare;Nomen;Lehrbuch 3
ίσως;vielleicht;Partikel;Lehrbuch 3
το αυτί;das Ohr;Nomen;Lehrbuch 3
πεταχτός, -ή, -ό;abstehend;Adjektiv;Lehrbuch 3
νομίζω;meinen;Verb;Lehrbuch 3
δείχνω;zeigen;Verb;Lehrbuch 3
άλλος, -η, -ο;anderer;Adjektiv;Lehrbuch 3
όμορφος, -η, -ο;hübsch, nett;Adjektiv;Lehrbuch 3
εβδομήντα;siebzig;Zahlen;Lehrbuch 3
λεπτός, -ή, -ό;schlank, dünn;Adjektiv;Lehrbuch 3
ξανθός, -ή, -ό;blond;Adjektiv;Lehrbuch 3
επιθυμώ;wünschen;Verb;Lehrbuch 3
ο χαρακτήρας;der Charakter;Nomen;Lehrbuch 3
υπέροχος, -η, -ο;wunderbar;Adjektiv;Lehrbuch 3
άσχημος, -η, -ο;hässlich;Adjektiv;Lehrbuch 3
τα χείλια;die Lippen;Nomen;Lehrbuch 3
ψηλός, -ή, -ό;hoch;Adjektiv;Lehrbuch 3
κοντός, -ή, -ό;klein;Adjektiv;Lehrbuch 3
καστανός, -ή, -ό;braun;Adjektiv;Lehrbuch 3
εξάλλου;ausserdem;Partikel;Lehrbuch 3
το δόντι;der Zahn;Nomen;Lehrbuch 3
της;ihre;Pronomen;Lehrbuch 3
κάπως;etwas, irgendwie;Partikel;Lehrbuch 3
στραβός, -ή, -ό;schief;Adjektiv;Lehrbuch 3
λέω;sagen, meinen;Verb;Lehrbuch 3
πάω;gehen;Verb;Lehrbuch 3
μαζί;zusammen;Partikel;Lehrbuch 3
η ιδέα;die Idee;Nomen;Lehrbuch 3
τριάντα;dreissig;Zahlen;Lehrbuch 3
σαράντα;vierzig;Zahlen;Lehrbuch 3
πενήντα;fünfzig;Zahlen;Lehrbuch 3
εξήντα;sechzig;Zahlen;Lehrbuch 3
εβδομήντα;siebzig;Zahlen;Lehrbuch 3
ογδόντα;achzig;Zahlen;Lehrbuch 3
ενενήντα;neunzig;Zahlen;Lehrbuch 3
εκατό;hundert;Zahlen;Lehrbuch 3
η Τρίτη;Dienstag;Zeitangaben;Lehrbuch 3
η Τετάρτη;Mittwoch;Zeitangaben;Lehrbuch 3
η Παρασκευή;Freitag;Zeitangaben;Lehrbuch 3
η (η)μέρα;der Tag;Zeitangaben;Lehrbuch 3
η (ε)βδομάδα;die Woche;Zeitangaben;Lehrbuch 3
το Σαββατοκύριακο;das Wochenende;Zeitangaben;Lehrbuch 3
ο χρόνος;die Zeit;Zeitangaben;Lehrbuch 3
το βράδυ;der Abend;Zeitangaben;Lehrbuch 3
η νύχτα;die Nacht;Zeitangaben;Lehrbuch 3
τα μεσάνυχτα;die Mitternacht;Zeitangaben;Lehrbuch 3
το λεπτό;die Minute;Zeitangaben;Lehrbuch 3
το δευτερόλεπτο;die Sekunde;Zeitangaben;Lehrbuch 3
το τέταρτο;das Viertel;Zeitangaben;Lehrbuch 3
τρία τέταρτα;drei Viertel;Zeitangaben;Lehrbuch 3
μισή ώρα;halbe Stunde;Zeitangaben;Lehrbuch 3
μιάμιση ώρα;anderthalb Stunden;Zeitangaben;Lehrbuch 3
"Τι ώρα είναι;";Wie spät ist es? (Welche Stunde ist es?);Zeitangaben;Lehrbuch 3
Έχεις | Έχετε ώρα;Haben Sie die Uhrzeit?;Zeitangaben;Lehrbuch 3
οχτώ (η ώρα);acht Uhr;Zeitangaben;Lehrbuch 3
ένδεκα και δέκα;zehn nach elf;Zeitangaben;Lehrbuch 3
δώδεκα και τέταρτο;viertel nach zwölf;Zeitangaben;Lehrbuch 3
δύο και μισή;halb drei;Zeitangaben;Lehrbuch 3
πέντε παρά είκοσι;zwanzig vor fünf;Zeitangaben;Lehrbuch 3
εννιά παρά τέταρτο;viertel vor neun;Zeitangaben;Lehrbuch 3
δύο το μεσημέρι;zwei Uhr mittags;Zeitangaben;Lehrbuch 3
οχτώ το βράδυ;acht Uhr abends;Zeitangaben;Lehrbuch 3
εννιά και μισή το μρωί;halb zehn morgens;Zeitangaben;Lehrbuch 3
Τι ώρα αρχίζει ο χορός;Um wie viel Uhr beginnt der Tanz?;Zeitangaben;Lehrbuch 3
Στις τρεις;Um drei Uhr;Zeitangaben;Lehrbuch 3
δεκατρείς και είκοσι;dreizehn Uhr zwanzig;Zeitangaben;Lehrbuch 3
το δέντρο;der Baum;Nomen;Lehrbuch 4
το γενεαλογικό δέντρο;der Stammbaum;Nomen;Lehrbuch 4
ο παππούς;der Grossvater;Nomen;Lehrbuch 4
η γιαγιά;die Grossmutter;Nomen;Lehrbuch 4
η μητέρα;die Mutter;Nomen;Lehrbuch 4
ο πατέρας;der Vater;Nomen;Lehrbuch 4
η νύφη;die Schwägerin;Nomen;Lehrbuch 4
ο αδελφός;der Bruder;Nomen;Lehrbuch 4
η αδελφή;die Schwester;Nomen;Lehrbuch 4
ο γαμπρός;der Schwager;Nomen;Lehrbuch 4
η γαμπρή;die Schwägerin;Nomen;Lehrbuch 4
ο γιος;der Sohn;Nomen;Lehrbuch 4
πόσος, -η, -ο;wie viele;Adjektiv;Lehrbuch 4
το κλαδί;der Ast, Zweig;Nomen;Lehrbuch 4
δικός, -ιά, -ή, -ό;mein;Pronomen;Lehrbuch 4
το κορίτσι;das Mädchen;Nomen;Lehrbuch 4
εκεί;da, dort;Partikel;Lehrbuch 4
η οικογένεια;die Familie;Nomen;Lehrbuch 4
το άλμπουμ;das Album;Nomen;Lehrbuch 4
ποιος, -α, -ο;wer;Pronomen;Lehrbuch 4
πρώτος, -η, -ο;erster;Zahlen;Lehrbuch 4
δεύτερος, -η, -ο;zweiter;Zahlen;Lehrbuch 4
τρίτος, -η, -ο;dritter;Zahlen;Lehrbuch 4
τέταρτος, -η, -ο;vierter;Zahlen;Lehrbuch 4
πέμπτος, -η, -ο;fènfter;Zahlen;Lehrbuch 4
έκτος, -η, -ο;sechster;Zahlen;Lehrbuch 4
έβδομος, -η, -ο;siebter;Zahlen;Lehrbuch 4
όγδοος, -η, -ο;achter;Zahlen;Lehrbuch 4
ένατος, -η, -ο;neunter;Zahlen;Lehrbuch 4
δέκατος, -η, -ο;zehnter;Zahlen;Lehrbuch 4
ενδέκατος, -η, -ο;elfter;Zahlen;Lehrbuch 4
δωδέκατος, -η, -ο;zwölfter;Zahlen;Lehrbuch 4
δέκατος τρίτος, -η, -ο;dreizehnter;Zahlen;Lehrbuch 4
εικοστός, -ή, -ό;zwanzigster;Zahlen;Lehrbuch 4
η σελίδα;die Seite;Nomen;Lehrbuch 4
ίδιος, -η, -ο;gleich (wie);Adjektiv;Lehrbuch 4
το όνομα;der Name;Nomen;Lehrbuch 4
παλιός, -ή, -ό;alt;Adjektiv;Lehrbuch 4
ασπρόμαυρος, -η, -ο;schwarzweiss;Adjektiv;Lehrbuch 4
έγχρωμος, -η, -ο;farbig;Adjektiv;Lehrbuch 4
οικογενειακός, -ή, -ό;Familien-;Adjektiv;Lehrbuch 4
ο γάμος;die Hochzeit;Nomen;Lehrbuch 4
τα εγγόνια;die Enkel;Nomen;Lehrbuch 4
πόπο;Oh;Partikel;Lehrbuch 4
η θεία;die Tante;Nomen;Lehrbuch 4
ο θείος;der Onkel;Nomen;Lehrbuch 4
από τρία;ab drei (Anzahl);Spruch;Lehrbuch 4
παντρεμένος, -η, -ο;verheiratet;Adjektiv;Lehrbuch 4
άρα;also;Partikel;Lehrbuch 4
τα ξαδέλφια;die Cousins & Cousinen;Nomen;Lehrbuch 4
σημαίνω;bedeuten;Verb;Lehrbuch 4
ότι;dass;Partikel;Lehrbuch 4
η ξαδέλφη;die Cousine;Nomen;Lehrbuch 4
ο ξάδελφος;der Cousin;Nomen;Lehrbuch 4
υπάρχει;es gibt;Verb;Lehrbuch 4
τα αδέλφια;die Geschwister;Nomen;Lehrbuch 4
το γούστο;der Geschmack;Nomen;Lehrbuch 4
η σχέση;die Beziehung;Nomen;Lehrbuch 4
έχω σχέση με;etw. zu tun haben mit;Spruch;Lehrbuch 4
συνήθως;gewöhnlich;Partikel;Lehrbuch 4
το μπέρδεμα;das Durcheinander;Nomen;Lehrbuch 4
η ανιψιά;die Nichte;Nomen;Lehrbuch 4
η μαμά;die Mama;Nomen;Lehrbuch 4
ο μπαμπάς;der Papa;Nomen;Lehrbuch 4
επίσης;ebenfalls;Partikel;Lehrbuch 4
εύκολος, -η, -ο | απλός, -ή, -ό;einfach;Adjektiv;Lehrbuch 4
δύσκολος, -η, -ο;schwierig;Adjektiv;Lehrbuch 4
διπλός, -ή, -ό;doppelt;Adjektiv;Lehrbuch 4
τριπλός, -ή, -ό;dreifach;Adjektiv;Lehrbuch 4
μοναδικός, -ή, -ό;einzigartig;Adjektiv;Lehrbuch 4
μόνος, -η, -ο;einzig;Adjektiv;Lehrbuch 4
κι;und, auch;Partikel;Lehrbuch 4
δίνω;geben;Verb;Lehrbuch 4
η αλήθεια;die Wahrheit;Nomen;Lehrbuch 4
αυτό ειναι αλήθεια;das stimmt;Spruch;Lehrbuch 4
το μοναχοπαίδι;das Einzelkind;Nomen;Lehrbuch 4
η μοναχοκόρη;das Einzelkind (f);Nomen;Lehrbuch 4
ο μοναχογιός;das Einzelkind (m);Nomen;Lehrbuch 4
πότε;wann;Partikel;Lehrbuch 4
οι συγγενείς;die Verwandten;Nomen;Lehrbuch 4
οι γονείς;die Eltern;Nomen;Lehrbuch 4
τα παιδιά;die Kinder;Nomen;Lehrbuch 4
τα ανίψια;die Neffen und Nichten;Nomen;Lehrbuch 4
τα πεθερικά;die Schwiegereltern;Nomen;Lehrbuch 4
το ζευγάρι;das Paar;Nomen;Lehrbuch 4
οι σύζυγοι;das Ehepaar;Nomen;Lehrbuch 4
ο αρραβώνας;die Verlobung;Nomen;Lehrbuch 4
ο χωρισμός;die Trennung;Nomen;Lehrbuch 4
το διαζύγιο;die Scheidung;Nomen;Lehrbuch 4
ο άντρας;der Mann;Nomen;Lehrbuch 4
ο σύζυγος;der Ehemann;Nomen;Lehrbuch 4
ανύπαντρος, ελεύθερος;ledig;Adjektiv;Lehrbuch 4
ο αρραβωνιαστικός;der Verlobte;Nomen;Lehrbuch 4
η αρραβωνιαστικά;die Verlobte;Nomen;Lehrbuch 4
χωρισμένος;getrennt;Adjektiv;Lehrbuch 4
διαζευγμένος;geschieden;Adjektiv;Lehrbuch 4
ο χήρος;der Witwer;Nomen;Lehrbuch 4
η χήρα;die Witwe;Nomen;Lehrbuch 4
η σύζυγη;die Ehefrau;Nomen;Lehrbuch 4
η λαική;der Wochenmarkt;Nomen;Lehrbuch 5
η αγορά;der Markt;Nomen;Lehrbuch 5
φρέσκος, -η, -ο;frisch;Adjektiv;Lehrbuch 5
τα λαχανικά;das Gemüse;Nomen;Lehrbuch 5
νόστιμος, -η, -ο;lecker;Adjektiv;Lehrbuch 5
το φρούτο;das Obst;Nomen;Lehrbuch 5
το πεπόνι;die Honigmelone;Nomen;Lehrbuch 5
γλυκός, -ιά, -ό;süss;Adjektiv;Lehrbuch 5
σαν;wie;Partikel;Lehrbuch 5
το μέλι;der Honig;Nomen;Lehrbuch 5
η μελιτζάνα;die Aubergine;Nomen;Lehrbuch 5
ορίστε;bitte sehr;Partikel;Lehrbuch 5
ζουμερός, -ή, -ό;saftig;Adjektiv;Lehrbuch 5
το ροδάκινο;der Pfirsich;Nomen;Lehrbuch 5
το μήλο;der Apfel;Nomen;Lehrbuch 5
το αχλάδι;die Birne;Nomen;Lehrbuch 5
το σύκο;die Feige;Nomen;Lehrbuch 5
το σταφύλι;die Weintraube;Nomen;Lehrbuch 5
το καρπούζι;die Wassermelone;Nomen;Lehrbuch 5
η μπανάνα;die Banane;Nomen;Lehrbuch 5
το βερίκοκο;die Aprikose;Nomen;Lehrbuch 5
το πορτοκάλι;die Orange;Nomen;Lehrbuch 5
η φράουλα;die Erdbeere;Nomen;Lehrbuch 5
το μαρούλι;der Kopfsalat;Nomen;Lehrbuch 5
το λάχανο;der Kohl;Nomen;Lehrbuch 5
η ντομάτα;die Tomate;Nomen;Lehrbuch 5
το αγγούρι;die Gurke;Nomen;Lehrbuch 5
η πιπεριά;die Paprika;Nomen;Lehrbuch 5
το κρεμμύδι;die Zwiebel;Nomen;Lehrbuch 5
το σκόρδο;der Knoblauch;Nomen;Lehrbuch 5
το σπανάκι;der Spinat;Nomen;Lehrbuch 5
το κολοκυθάκι;die Zucchini;Nomen;Lehrbuch 5
το καρότο;die Karotte;Nomen;Lehrbuch 5
γι΄αυτό;deshalb;Spruch;Lehrbuch 5
ο, η χορτοφάγος;der Vegetarier;Nomen;Lehrbuch 5
κάθε;jeden;Partikel;Lehrbuch 5
έχει;es gibt;Verb;Lehrbuch 5
η γειτονιά;die Nachbarschaft;Nomen;Lehrbuch 5
το ψάρι;der Fisch;Nomen;Lehrbuch 5
η φορά;das Mal;Nomen;Lehrbuch 5
για πρώτη φορά;zum ersten Mal;Spruch;Lehrbuch 5
ο επισκέπτης;der Besucher, der Gast;Nomen;Lehrbuch 5
βοηθάω;helfen;Verb;Lehrbuch 5
τα ψώνια;die Einkäufe;Nomen;Lehrbuch 5
ο μανάβης;der Obst- und Gemüsehändler;Nomen;Lehrbuch 5
τα παιδιά;die jungen Leute;Nomen;Lehrbuch 5
διάφορος, -η, -ο;verschieden;Adjektiv;Lehrbuch 5
η φρουτοσαλάτα;der Obstsalat;Nomen;Lehrbuch 5
το κιλό;das Kilo;Nomen;Lehrbuch 5
αμέσως;sofort;Partikel;Lehrbuch 5
μα;aber;Partikel;Lehrbuch 5
ακριβός, -ή, -ό;teuer;Adjektiv;Lehrbuch 5
μερικοί, -ές, -ά;einige, welche;Adjektiv;Lehrbuch 5
το δίκιο;das Recht;Nomen;Lehrbuch 5
έχω δίκιο;recht haben;Spruch;Lehrbuch 5
το αγόρι;die Jungen;Nomen;Lehrbuch 5
φτηνός, -ή, -ό;billig;Adjektiv;Lehrbuch 5
μισός, -ή, -ό;halb;Adjektiv;Lehrbuch 5
τίποτα άλλο;sonst noch was?;Partikel;Lehrbuch 5
η μελιτζανοσαλάτα;der Auberginensalat;Nomen;Lehrbuch 5
μου αρέσει;mir gefällt, ich mag;Spruch;Lehrbuch 5
το κάτι άλλο;was ganz Besonderes;Spruch;Lehrbuch 5
μήπως, -η, -ο;vielleicht;Adjektiv;Lehrbuch 5
εκείνος, -η, -ο;jener;Adjektiv;Lehrbuch 5
πάρα πολύ;sehr viel;Partikel;Lehrbuch 5
τόσο;so;Partikel;Lehrbuch 5
χρωστάω;schulden;Verb;Lehrbuch 5
τι σας χρωστάμε;was bekommen Sie?;Spruch;Lehrbuch 5
ζυγίζω;wiegen;Verb;Lehrbuch 5
βάζω;legen, stellen;Verb;Lehrbuch 5
η σακούλα;die Tüte;Nomen;Lehrbuch 5
όλα μαζί;alles zusammen;Spruch;Lehrbuch 5
το λεπτό;der Cent;Nomen;Lehrbuch 5
ακριβώς;genau;Partikel;Lehrbuch 5
το κρέας;das Fleisch;Nomen;Lehrbuch 5
ο ψαράς;der Fischhändler;Nomen;Lehrbuch 5
ο μπακάλης;der Lebensmittelhändler;Nomen;Lehrbuch 5
ο χασάπης;der Metzger;Nomen;Lehrbuch 5
ο φούρναρης;der Bäcker;Nomen;Lehrbuch 5
ο ζαχαροπλάστης;der Konditor;Nomen;Lehrbuch 5
το ιχθυοπωλείο, το ψαράδικο;das Fischgeschäft;Nomen;Lehrbuch 5
το παντοπωλείο, μπακάλικο;das Lebensmittelgeschäft;Nomen;Lehrbuch 5
το κρεοπωλείο, το χασάπικο;die Metzgerei;Nomen;Lehrbuch 5
το οπωροπωλείο, το μανάβικο;das Obst- und Gemüsegeschäft;Nomen;Lehrbuch 5
το αρτοποιείο, ο φούρνος;die Bäckerei;Nomen;Lehrbuch 5
το ζαχαροπλαστείο;die Konditorei;Nomen;Lehrbuch 5
το τυρί;der Käse;Nomen;Lehrbuch 5
το βούτυρο;die Butter;Nomen;Lehrbuch 5
το λάδι;das ÖL;Nomen;Lehrbuch 5
το ξύδι;der Essig;Nomen;Lehrbuch 5
το ελιές;die Oliven;Nomen;Lehrbuch 5
τα ζυμαρικά;die Teigwaren;Nomen;Lehrbuch 5
το ρύζι;der Reis;Nomen;Lehrbuch 5
το αλάτι;das Salz;Nomen;Lehrbuch 5
το πιπέρι;der Pfeffer;Nomen;Lehrbuch 5
το αυγό;das Ei;Nomen;Lehrbuch 5
η τσιπούρη;die Meerbrasse;Nomen;Lehrbuch 5
η σαρδέλη;die Sardine;Nomen;Lehrbuch 5
η γαρίδh;die Garnele;Nomen;Lehrbuch 5
το κοτόπουλο;das Hühnchen;Nomen;Lehrbuch 5
τα κιμά;das Hackfleisch;Nomen;Lehrbuch 5
η μπριζόλη;das Kotelett;Nomen;Lehrbuch 5
το λουκάνικo;das Würstchen;Nomen;Lehrbuch 5
το ψωμί;das Brot;Nomen;Lehrbuch 5
το κουλουράκιο;das Plätzchen;Nomen;Lehrbuch 5
το σοκολατάκιο;die Praline;Nomen;Lehrbuch 5
το γλυκά;die Süssigkeit;Nomen;Lehrbuch 5
το παγωτό;das Speiseeis;Nomen;Lehrbuch 5
